{
  "$schema": "https://dev.office.com/json-schemas/spfx/client-side-web-part-manifest.schema.json",
  "id": "f6b44cf8-b9b7-4516-b862-0fac655c60e6",
  "alias": "PageViewerWebPart",
  "componentType": "WebPart",

  // The "*" signifies that the version should be taken from the package.json
  "version": "*",
  "manifestVersion": 2,
  "supportsFullBleed" : true,

  // If true, the component can only be installed on sites where Custom Script is allowed.
  // Components that allow authors to embed arbitrary script code should set this to true.
  // https://support.office.com/en-us/article/Turn-scripting-capabilities-on-or-off-1f2c515f-5d7e-448a-9fd7-835da935584f
  "requiresCustomScript": false,

  "preconfiguredEntries": [{
    "groupId": "5c03119e-3074-46fd-976b-c60198311f70", // Other
    "group": { "default": "Other" },
    "title": { "default": "PageViewer" },
    "description": { "default": "PageViewer description" },
    "officeFabricIconFontName": "Page",
    "properties": {
      "description": "PageViewer"
    }
  }]
}
