{"id":"f6b44cf8-b9b7-4516-b862-0fac655c60e6","alias":"PageViewerWebPart","componentType":"WebPart","version":"0.0.1","manifestVersion":2,"supportsFullBleed":true,"requiresCustomScript":false,"preconfiguredEntries":[{"groupId":"5c03119e-3074-46fd-976b-c60198311f70","group":{"default":"Other"},"title":{"default":"PageViewer"},"description":{"default":"PageViewer description"},"officeFabricIconFontName":"Page","properties":{"description":"PageViewer"}}],"loaderConfig":{"entryModuleId":"page-viewer-web-part","internalModuleBaseUrls":["https://geekmantis.sharepoint.com/cdn/"],"scriptResources":{"page-viewer-web-part":{"type":"path","path":"page-viewer-web-part_38072b3ab17f45e616842b4f8c43326d.js"},"PageViewerWebPartStrings":{"defaultPath":"pageviewer-pageviewerwebpartstrings_en-us_536e65149b0acf4d52c0043073b9fc59.js","type":"localizedPath","paths":{}},"@microsoft/sp-core-library":{"type":"component","version":"1.3.4","id":"7263c7d0-1d6a-45ec-8d85-d4d1d234171b"},"@microsoft/sp-webpart-base":{"type":"component","version":"1.3.4","id":"974a7777-0990-4136-8fa6-95d80114c2e0"}}}}